rsid	chr	pos	effect	other	beta	p
rs1000096	4	38692835	T	C	-0.0144	1.80E-15
rs1000940	17	5283252	A	G	-0.0154	1.10E-17
rs1003081	11	118913993	T	C	0.0121	1.30E-13
rs1006353	13	28047269	A	G	0.0126	2.30E-11
rs10066835	5	151254297	T	C	0.0428	6.50E-09
rs10083803	16	6701400	T	C	-0.0127	5.90E-11
rs10110727	8	14324437	A	G	0.0135	3.20E-11
rs10118701	9	103061366	A	G	-0.0163	1.10E-18
rs10131890	14	97258752	A	C	-0.0222	1.60E-08
rs10132280	14	25928179	A	C	-0.0223	5.60E-35
rs1014194	5	168192944	A	C	0.0102	1.80E-08
rs10146527	14	79499850	T	C	0.0137	2.30E-15
rs10182181	2	25150296	A	G	-0.0325	6.70E-90
rs1020548	6	56810539	A	G	-0.0132	6.60E-09
rs10211055	2	229016917	T	C	-0.0157	7.20E-18
rs10268050	7	44522617	T	C	-0.0113	3.50E-08
rs10269783	7	49616203	A	G	0.0133	1.40E-15
rs10275044	7	1273845	A	T	-0.0129	3.30E-08
rs1035010	7	69598328	T	C	0.0139	6.20E-12
rs1037587	11	11796727	T	C	0.0106	1.10E-09
rs1038088	17	28074563	T	G	-0.0117	4.60E-13
rs10408013	19	33963766	T	C	0.0111	8.00E-10
rs1040881	20	15099816	T	C	0.0106	1.10E-08
rs10438964	18	42950629	T	C	-0.0127	7.60E-11
rs1045411	13	31033232	T	C	-0.0148	2.30E-15
rs10456637	6	50763935	A	T	0.0134	4.30E-12
rs10460960	3	42308735	A	G	0.0197	8.10E-15
rs10467530	13	54694130	C	G	0.0148	2.00E-08
rs1048932	11	115044850	A	C	-0.016	3.80E-22
rs10497807	2	198585087	C	G	-0.011	1.50E-11
rs10499276	6	154309808	T	C	0.0172	2.20E-12
rs10511093	3	83763541	T	C	-0.0228	1.10E-11
rs1057452	16	29833714	A	G	0.0173	1.60E-12
rs10733051	1	167280354	A	G	0.0097	2.90E-09
rs10744146	12	17212881	A	G	-0.0122	1.40E-12
rs10745785	12	97586257	T	C	-0.0111	1.20E-09
rs10754210	1	197012111	A	G	-0.0123	3.20E-11
rs1075901	17	15943910	T	C	-0.0121	1.20E-13
rs10772055	12	33379440	C	G	-0.0172	2.10E-12
rs10773049	12	124506631	T	C	-0.0116	4.10E-12
rs10779751	1	11284336	A	G	0.0139	2.50E-14
rs10797115	9	92191256	T	C	0.0124	9.90E-13
rs10818810	9	126096522	A	G	0.0126	1.10E-13
rs10818938	9	127049237	A	G	0.0114	5.10E-11
rs10830452	11	89966202	A	G	-0.0111	2.10E-09
rs10832778	11	17394073	C	G	-0.0125	1.30E-13
rs10838122	11	43551416	T	C	-0.0105	1.50E-09
rs10840606	11	2234690	A	G	-0.0164	3.20E-12
rs10842240	12	24060075	C	G	0.0218	3.10E-16
rs10867256	9	81367391	T	C	-0.0118	8.70E-12
rs10876418	12	39428802	T	C	-0.0123	2.80E-10
rs10878946	12	69642315	T	C	-0.0141	3.60E-13
rs10883553	10	102635475	A	C	0.0119	1.90E-11
rs10883759	10	104412049	A	G	-0.0122	5.40E-12
rs10886017	10	118672531	A	C	0.0152	1.40E-15
rs10887578	10	88096047	C	G	0.0128	1.60E-13
rs10915840	1	225668524	A	G	-0.0118	1.30E-09
rs10920678	1	190239907	A	G	0.0155	1.50E-21
rs10923724	1	119546842	T	C	-0.0118	6.40E-13
rs10929925	2	6155557	A	C	-0.0143	1.80E-18
rs10930641	2	175000711	A	G	-0.0137	3.60E-15
rs10935143	3	134665159	A	G	-0.0109	2.80E-10
rs10938397	4	45182527	A	G	-0.0324	3.40E-86
rs10953620	7	109173373	A	C	-0.0101	5.40E-09
rs10962549	9	16719445	T	C	0.0198	2.50E-17
rs10971712	9	33820938	T	C	-0.0197	6.40E-13
rs10989568	9	104396304	A	G	0.0107	6.60E-10
rs11066301	12	112871372	A	G	0.0114	4.40E-12
rs1106908	17	34942595	A	G	-0.0158	3.10E-22
rs11074446	16	20255123	T	C	0.0225	1.80E-20
rs11075489	16	62803841	T	C	-0.0111	1.30E-10
rs11075986	16	53805344	C	G	0.032	5.60E-26
rs11079849	17	47090785	T	C	-0.0188	4.80E-24
rs11115176	12	82465797	T	C	0.0121	2.00E-10
rs11118308	1	219633869	A	G	0.0101	4.80E-10
rs11128760	3	15873407	A	G	0.011	3.10E-10
rs11150911	18	73498528	A	C	0.0133	4.70E-13
rs11208662	1	65987164	C	G	0.0209	2.00E-11
rs11250076	8	10647823	A	G	0.0184	3.20E-23
rs11251352	10	2585792	A	G	-0.0109	7.00E-10
rs11496125	7	103417557	T	C	0.0169	3.00E-22
rs11577179	1	155983710	A	G	-0.0108	1.50E-10
rs11583122	1	38053458	T	C	0.0182	7.40E-10
rs11600990	11	64082807	T	C	-0.0178	3.80E-14
rs11611246	12	939480	T	G	0.024	5.00E-32
rs11611496	12	108413828	A	G	-0.0169	1.70E-16
rs11629783	15	66741387	C	G	0.0146	9.80E-13
rs11635675	15	63793238	T	G	0.0124	1.30E-11
rs11642001	16	71899586	A	G	-0.0137	5.10E-11
rs11659764	18	53335512	A	T	-0.0253	8.90E-11
rs11668301	19	31016196	A	G	0.021	1.90E-18
rs11672660	19	46180184	T	C	-0.034	1.70E-60
rs11736228	4	147376805	A	T	0.0139	4.10E-12
rs11753081	6	20705590	T	G	0.0138	8.90E-11
rs11773362	7	147668180	T	C	-0.0111	1.50E-09
rs1178060	6	50914343	A	G	0.0193	6.80E-17
rs11781222	8	23389571	T	C	0.0158	5.30E-11
rs11781699	8	118863061	T	C	-0.0132	3.10E-10
rs11783247	8	10788875	T	C	-0.0169	1.20E-24
rs11790280	9	14651283	T	C	-0.0103	7.10E-09
rs11792069	9	140646121	A	G	0.0145	6.50E-10
rs11855853	15	78012618	T	C	-0.0145	2.40E-13
rs11866815	16	387867	T	C	-0.0156	1.00E-16
rs11889536	2	220163543	A	G	0.0189	6.40E-15
rs11915371	3	70539559	A	C	-0.0149	2.60E-12
rs11945861	4	65700865	A	G	-0.0148	5.00E-13
rs11971041	7	26698848	A	G	-0.021	1.00E-11
rs11987383	8	15197115	A	C	-0.0147	2.80E-08
rs12033257	1	112318484	A	G	0.0146	2.40E-15
rs12035149	1	107885018	C	G	-0.0146	3.90E-12
rs12035349	1	77557339	A	G	-0.0188	1.10E-12
rs12041258	1	195047936	T	C	0.0146	9.50E-13
rs12042908	1	74997762	A	G	0.0184	1.40E-29
rs12042959	1	243533273	A	G	0.0144	3.40E-09
rs12044597	1	1708801	A	G	-0.0143	1.70E-18
rs12098284	10	76047464	T	C	0.0178	1.80E-11
rs12101393	15	92570921	C	G	0.0127	1.50E-09
rs12147845	14	101144596	T	C	0.0199	4.50E-13
rs1218822	13	28011963	A	G	0.0168	1.90E-22
rs12189178	5	50914726	T	C	0.0364	2.20E-15
rs12215331	6	34644749	T	C	0.0177	4.30E-18
rs1229057	7	39054538	T	C	0.017	2.80E-10
rs12364470	11	134601012	T	G	-0.0178	1.10E-15
rs12411886	10	104685299	A	C	0.0271	1.50E-19
rs12417072	11	115623272	A	G	-0.0151	2.00E-08
rs1241986	18	6873954	A	G	-0.0139	1.10E-08
rs12420725	11	117017530	A	G	-0.0226	1.30E-09
rs12422552	12	14413931	C	G	-0.0134	1.60E-11
rs12429545	13	54102206	A	G	0.0316	9.60E-38
rs12439798	15	46584787	T	G	0.0125	6.90E-13
rs12443621	16	52548037	A	G	-0.0096	3.20E-08
rs12446632	16	19935389	A	G	-0.0352	2.90E-50
rs12448257	16	3599655	A	G	0.0184	8.10E-20
rs12448738	16	56489343	A	C	-0.0168	2.80E-11
rs12479233	2	228891702	A	T	-0.0121	1.60E-12
rs12488237	3	56114861	T	C	-0.0235	4.50E-11
rs12514473	5	80818639	T	C	0.0167	8.80E-17
rs12564992	1	174478100	A	G	-0.0196	5.30E-14
rs12574668	11	46422686	A	C	0.0132	8.80E-09
rs12575252	11	8694073	C	G	-0.0182	1.80E-26
rs12577642	11	43728534	A	T	-0.0213	9.90E-31
rs12587412	14	47272423	T	G	0.0146	4.80E-17
rs12593036	15	81058652	A	G	0.0154	3.80E-16
rs12595158	15	62316035	T	C	-0.0394	1.90E-13
rs12595749	15	79432359	A	G	0.0141	5.70E-16
rs12602912	17	65870073	T	C	0.0176	9.90E-18
rs12609744	19	12994140	T	C	-0.0126	3.60E-11
rs12615778	2	102436738	A	G	0.0104	3.90E-08
rs12631248	3	50080174	C	G	-0.0253	3.00E-17
rs12655756	5	88858208	A	T	0.0138	1.90E-14
rs12675063	8	132879047	A	T	-0.0156	1.30E-09
rs12680842	8	95582606	A	G	0.0133	4.40E-14
rs12694021	2	206084372	A	C	0.0106	1.00E-09
rs12705987	7	114349212	A	T	0.0135	9.50E-15
rs12731372	1	118852975	T	C	0.0116	1.20E-09
rs12776880	10	19776828	A	T	0.0128	3.00E-11
rs1285245	17	77796889	C	G	-0.0121	1.70E-11
rs12885454	14	29736838	A	C	-0.0185	2.40E-27
rs12888545	14	88308044	A	G	-0.0136	9.10E-12
rs12922346	16	82438337	C	G	0.0136	1.00E-11
rs12939549	17	78611724	A	G	0.018	2.70E-28
rs1296328	4	137083193	A	C	0.0179	4.90E-24
rs12964689	18	21116998	A	G	0.0203	5.10E-32
rs13021737	2	632348	A	G	-0.0574	7.50E-157
rs13041173	20	32542814	A	G	-0.0107	5.00E-09
rs13047416	21	40309436	C	G	0.0154	2.20E-17
rs13072095	3	193639623	T	C	0.0095	3.00E-08
rs13107325	4	103188709	T	C	0.047	1.10E-47
rs13110266	4	162129844	A	G	-0.0117	1.90E-12
rs13174863	5	139080745	A	G	-0.0192	2.90E-16
rs13191362	6	163033350	A	G	0.0236	5.90E-21
rs13201877	6	137675541	A	G	-0.0152	2.70E-10
rs1320903	3	131758077	A	G	0.0216	9.20E-32
rs13209872	6	97753223	C	G	-0.0152	1.40E-16
rs13209968	6	126089285	C	G	0.0114	3.10E-11
rs13227433	7	74094721	T	G	-0.0156	1.40E-14
rs13227658	7	113353254	T	C	-0.0157	1.70E-19
rs1323068	4	20263058	A	G	-0.0114	6.90E-10
rs13240600	7	99064466	A	G	0.0204	3.50E-17
rs1324110	6	93913200	C	G	-0.0103	6.80E-10
rs13247665	7	93232057	T	C	-0.0139	1.40E-14
rs13263601	8	14095900	A	C	-0.0154	2.20E-17
rs13290794	9	37183628	A	G	-0.0141	1.90E-15
rs13292976	9	129467340	T	C	0.0131	3.10E-14
rs13321566	3	107342662	A	G	-0.0135	4.70E-09
rs13329567	15	68104367	T	C	-0.0293	1.00E-50
rs1333423	13	59425111	A	T	0.0168	2.10E-16
rs13417156	2	62848319	T	C	-0.0144	2.60E-17
rs13432055	2	56603985	T	C	-0.0117	8.90E-11
rs1345148	4	30843533	T	C	-0.0111	2.50E-10
rs1358808	6	51825285	C	G	-0.0142	9.20E-15
rs1362910	8	30856464	A	G	0.0121	1.20E-12
rs1365466	18	36182440	T	C	-0.0137	3.30E-13
rs1371108	2	81816251	A	C	0.0119	9.00E-11
rs1375561	3	85658230	T	C	0.0173	3.10E-24
rs1394	8	9511654	A	G	-0.0154	2.80E-19
rs1405348	8	77228222	A	G	-0.0204	6.20E-32
rs1412235	9	28410996	C	G	0.0246	6.00E-45
rs1431659	8	73439070	A	G	0.0196	6.00E-24
rs1436343	3	104606130	A	G	-0.0141	7.30E-16
rs1437929	2	211983316	A	G	0.0135	9.90E-13
rs1451533	2	105466005	A	G	0.0167	1.00E-17
rs1452075	3	62481063	T	C	0.0141	1.30E-14
rs1454148	3	176341188	T	C	0.0106	4.60E-08
rs1454687	3	94038085	C	G	0.0202	5.20E-32
rs1455137	4	145986668	A	C	-0.0106	4.40E-10
rs1477887	4	18514827	A	G	-0.0138	2.00E-15
rs1492767	4	55221467	T	C	0.0094	1.00E-08
rs1512065	20	53453326	A	G	0.0138	5.70E-11
rs1522569	4	171632637	T	G	0.0164	2.90E-13
rs1544459	7	77417584	T	C	-0.0103	2.20E-10
rs1549293	16	31141993	T	C	-0.0204	7.60E-33
rs1552717	11	29158495	A	T	0.0149	3.50E-09
rs1554193	3	8138801	A	T	-0.0103	4.40E-09
rs156151	6	104799007	C	G	-0.0165	1.90E-14
rs159032	5	94206202	T	C	0.0129	1.90E-10
rs1593304	7	131619847	A	G	0.0126	1.30E-08
rs1608445	18	947954	A	G	-0.0104	3.70E-09
rs1625427	11	131957293	T	C	0.013	1.40E-12
rs1657930	15	57120989	A	G	-0.0123	1.60E-08
rs1658820	8	4288577	T	G	0.0141	5.90E-12
rs1668633	13	78371890	T	C	0.01	8.70E-09
rs16828086	2	151198990	C	G	0.0103	1.00E-08
rs16851483	3	141275436	T	G	0.0369	3.20E-26
rs16906845	8	138215228	A	G	-0.0225	2.20E-09
rs16907751	8	81375457	T	C	-0.0209	1.60E-12
rs16932761	8	67202787	A	G	-0.014	1.70E-12
rs16966801	17	39573713	A	G	-0.0156	1.10E-12
rs1700137	8	89461609	T	C	-0.0121	2.50E-10
rs17014375	1	209543560	T	G	-0.0172	1.10E-11
rs17035438	2	46878616	A	G	0.0199	3.30E-11
rs17056301	5	158271680	T	C	-0.0118	2.40E-09
rs17069831	8	4137396	T	C	-0.0109	2.10E-08
rs17094222	10	102395440	T	C	-0.0181	2.20E-19
rs17096552	14	98626578	A	G	-0.0145	1.10E-08
rs17105272	14	77529783	T	C	0.011	3.20E-09
rs17203016	2	208255518	A	G	-0.015	2.10E-13
rs17207196	7	75101065	T	C	-0.0221	2.10E-35
rs17238110	15	62150364	A	G	0.0353	2.00E-12
rs1730859	1	107617707	A	G	-0.0118	1.10E-11
rs17327461	2	35512183	T	C	0.0125	1.50E-14
rs17391694	1	78623626	T	C	0.0317	7.50E-38
rs17446091	8	27167942	T	C	-0.0123	1.80E-09
rs17522122	14	33302882	T	G	0.0159	1.50E-21
rs17531363	1	107977075	A	C	0.0133	2.00E-12
rs17538472	4	163038241	T	C	0.0129	4.20E-09
rs17551974	2	142293146	A	C	-0.0141	1.90E-10
rs17608150	12	110046698	T	C	0.0196	1.30E-10
rs17636031	10	126594078	T	C	-0.016	1.20E-17
rs17681451	3	114399296	A	G	-0.0197	3.50E-10
rs17681708	17	9792872	T	C	-0.0106	7.20E-09
rs17724992	19	18454825	A	G	0.0183	1.00E-22
rs17757975	6	38214150	T	C	0.0143	4.20E-09
rs17806379	20	51107290	T	C	-0.0258	1.50E-30
rs17820822	9	11831420	T	G	0.0143	2.90E-15
rs1782507	11	30243868	T	G	-0.0135	1.30E-13
rs1787267	18	76742544	C	G	-0.0237	3.40E-11
rs1789165	11	69481969	A	G	0.0138	8.00E-16
rs1814170	7	138794149	A	T	0.0203	2.10E-12
rs1819844	12	68205604	A	G	0.0143	2.60E-11
rs1852006	7	77829768	A	G	-0.0156	4.90E-18
rs1853639	6	87606842	A	G	-0.0111	1.20E-09
rs1862451	16	24803620	A	G	0.0137	1.90E-12
rs1865341	9	8845911	T	C	0.0128	2.50E-10
rs1866510	4	44514468	T	C	-0.0105	8.10E-09
rs1884389	20	1410582	T	C	-0.0103	4.00E-09
rs1884897	20	6612832	A	G	-0.0194	1.30E-30
rs1899689	7	121964349	T	C	0.0117	1.50E-12
rs1899951	3	12394840	T	C	0.017	3.10E-12
rs1903579	4	91253956	C	G	0.0111	1.10E-10
rs1909586	3	124687767	T	G	-0.0106	4.80E-09
rs1927790	13	96922191	T	C	-0.0148	1.80E-19
rs1928295	9	120378483	T	C	0.0141	5.40E-18
rs1937684	10	53680085	A	T	0.0112	8.70E-10
rs1941697	18	31251276	A	G	0.0123	1.20E-12
rs1942866	18	57741783	C	G	-0.031	2.00E-75
rs1943477	11	56973793	T	C	-0.0198	1.40E-08
rs1951455	14	91512339	T	C	-0.0145	4.50E-14
rs1956151	14	40101060	A	G	-0.013	7.30E-09
rs1973993	1	96943994	T	C	-0.0208	4.70E-33
rs1982441	8	28021769	T	G	0.0175	7.00E-12
rs1983864	10	100017453	T	G	0.0158	3.70E-18
rs2000746	18	57677294	A	G	0.0181	7.00E-19
rs2010281	14	103862322	A	G	-0.0161	6.70E-21
rs2012927	18	63297672	A	G	0.0129	7.40E-14
rs2030342	1	97388226	T	C	0.0143	1.90E-16
rs2033529	6	40348653	A	G	-0.0205	1.90E-30
rs2075205	16	54153099	A	T	0.0111	1.80E-10
rs2075650	19	45395619	A	G	0.0244	1.50E-25
rs208015	17	46252346	T	C	0.0356	1.40E-25
rs2080454	16	49062590	A	C	-0.0129	1.70E-14
rs2100814	8	28118130	A	G	0.0113	1.20E-10
rs2122042	3	85866335	T	G	0.0235	2.30E-31
rs2124499	3	123093541	C	G	-0.0123	3.40E-13
rs2143253	20	41987392	A	G	-0.0188	1.10E-12
rs2154297	1	80791708	T	C	-0.0115	1.20E-09
rs215632	7	32368524	A	G	0.0152	3.70E-17
rs2160077	14	92428410	A	G	0.0093	1.60E-08
rs2163188	10	65314711	C	G	0.0131	2.00E-14
rs2170382	8	74689288	T	C	0.0172	2.40E-10
rs2174307	9	73791849	C	G	0.0121	4.90E-12
rs217671	14	62360464	A	G	-0.0144	1.30E-13
rs2185027	6	153381622	A	C	-0.0135	5.00E-14
rs2190788	5	144484261	T	G	0.0141	2.90E-14
rs2192158	4	55505360	A	G	0.0129	8.30E-14
rs2228213	6	12124855	A	G	-0.0139	4.60E-16
rs2229616	18	58039276	T	C	-0.106	4.70E-71
rs223051	11	32131303	T	C	0.0112	1.10E-09
rs2230590	3	49936102	T	C	-0.0239	4.10E-44
rs2275426	1	46487552	A	G	0.0104	2.00E-10
rs2282231	1	39569571	T	C	0.0165	4.80E-15
rs2283093	7	126721231	T	C	0.0127	3.10E-09
rs2293605	3	184044433	T	C	-0.0167	3.60E-10
rs2304130	19	19789528	A	G	0.0176	2.90E-09
rs2304607	5	87988733	A	G	-0.032	1.70E-36
rs2307022	16	68381978	A	G	0.0135	5.50E-15
rs2307111	5	75003678	T	C	0.0265	1.60E-58
rs2356865	1	50836334	T	C	-0.0114	1.60E-09
rs2357760	6	120213880	A	G	0.0145	6.80E-17
rs2365389	3	61236462	T	C	-0.0174	1.30E-25
rs2367112	5	64168193	T	G	0.0119	2.30E-13
rs2425241	20	35018412	T	C	-0.0197	2.70E-09
rs2425857	20	44914134	A	G	0.0116	2.80E-11
rs2429150	12	2152655	A	C	-0.0111	2.70E-10
rs2479958	13	111984244	A	G	0.0154	1.50E-17
rs248139	5	167352783	A	G	0.0133	1.20E-09
rs2481665	1	62594677	T	C	0.0161	7.20E-23
rs2491864	1	242986063	A	G	0.0137	7.30E-11
rs2504674	6	51160682	C	G	-0.0112	1.20E-10
rs2516739	16	2097158	A	G	-0.0159	1.40E-14
rs2543132	8	15536311	C	G	0.0146	5.00E-11
rs25832	5	66175682	A	G	0.0118	9.20E-10
rs2590942	1	72885281	T	G	0.0293	1.20E-46
rs2605603	11	93221105	A	G	-0.0103	2.50E-10
rs2611742	5	95856501	T	C	-0.0152	3.70E-18
rs2619976	17	71754545	T	C	0.0104	6.30E-09
rs262956	3	183486117	T	G	0.0125	6.10E-12
rs2631681	10	93032943	T	C	-0.0113	8.90E-11
rs2634047	8	85696337	C	G	-0.0149	2.50E-13
rs2635727	6	50820940	T	C	-0.028	1.30E-49
rs2680648	3	53777176	T	C	0.016	3.80E-15
rs2710323	3	52815905	T	C	-0.0141	4.80E-18
rs2721965	8	116662038	A	C	0.0171	1.10E-20
rs2724861	2	471514	A	G	-0.0092	3.40E-08
rs2731222	12	90595383	A	C	0.0131	1.50E-11
rs2733287	12	41880909	A	C	-0.0157	6.80E-20
rs273504	19	18215247	A	G	-0.0153	4.40E-18
rs273697	18	23178748	A	G	-0.0098	1.50E-08
rs2768950	4	49064487	A	G	0.0116	7.50E-10
rs2781668	6	131897278	T	C	0.0169	4.00E-13
rs2814992	6	34617144	A	G	-0.0245	4.10E-45
rs2820311	1	201841476	A	G	-0.0235	4.10E-38
rs28350	3	42418446	A	G	0.0177	3.50E-15
rs2836961	21	40627020	A	C	-0.0102	1.10E-09
rs2838006	21	42653567	T	C	-0.0126	5.40E-12
rs284227	1	82379446	T	C	-0.0147	3.50E-15
rs2842385	6	19078274	A	G	-0.012	3.40E-08
rs2850969	4	102183594	T	C	-0.0165	1.30E-11
rs2866816	19	30683879	T	C	0.0129	5.60E-11
rs2875762	6	124925032	C	G	0.0139	1.20E-11
rs2890652	2	142959931	T	C	-0.017	2.50E-13
rs29938	19	34311481	T	C	-0.015	6.70E-18
rs310618	20	62127121	T	C	-0.0108	5.50E-09
rs3134353	8	101947453	A	T	-0.0125	2.50E-12
rs3134438	11	122765667	A	C	0.0113	6.10E-09
rs326889	4	112713436	T	C	-0.0129	2.40E-13
rs329124	5	133865452	A	G	0.0131	5.30E-14
rs329277	7	35080931	T	G	-0.0099	1.10E-08
rs329651	11	133767622	T	G	0.0164	9.00E-15
rs331949	4	143663206	T	C	-0.011	1.00E-10
rs340025	15	60908307	T	C	-0.0124	1.00E-13
rs355777	3	154034950	C	G	0.0153	1.40E-18
rs368863	5	77372852	T	C	-0.0117	8.10E-09
rs3731544	3	48207997	A	C	0.0214	7.50E-12
rs3736485	15	51748610	A	G	0.0134	2.50E-16
rs3739733	9	88897891	A	G	0.0132	5.30E-10
rs3751813	16	53818708	T	G	0.0603	2.20E-295
rs3753549	1	243722892	T	C	-0.0203	1.70E-15
rs3781099	10	27318776	T	C	0.021	2.50E-11
rs3800229	6	108996963	T	G	0.0175	1.40E-22
rs3800649	7	137424509	A	G	0.0122	3.20E-10
rs3803286	14	103246470	A	G	0.0181	4.10E-23
rs3807566	7	50564204	T	G	-0.0127	2.00E-13
rs3808434	8	116559435	A	G	0.011	1.30E-11
rs3810291	19	47569003	A	G	0.0274	2.10E-52
rs3814883	16	29994922	T	C	0.0232	1.10E-40
rs3822683	5	96080883	A	G	0.0145	6.10E-12
rs3826705	19	42637232	T	C	-0.0157	6.60E-09
rs3829849	9	129390800	T	C	0.0098	5.90E-09
rs3844598	5	140992235	A	G	-0.0095	3.80E-08
rs3849570	3	81792112	A	C	0.0132	3.30E-14
rs3850422	14	99671788	A	G	-0.0114	3.70E-12
rs3851083	10	33862727	A	G	-0.0102	4.10E-10
rs3887080	12	121661966	A	G	0.0181	5.10E-12
rs3902840	9	129419025	A	G	0.0222	3.20E-13
rs3902951	14	69789755	T	G	-0.0134	7.00E-12
rs3915844	3	9514856	A	G	0.0152	2.20E-09
rs39654	3	173095123	A	G	-0.0145	6.50E-17
rs40067	5	107439012	A	G	-0.0266	7.10E-30
rs40245	7	21470536	A	T	0.011	1.90E-09
rs4077093	12	51593616	T	G	0.0128	5.10E-09
rs4148155	4	89054667	A	G	0.0188	5.00E-13
rs419261	6	33554147	T	C	0.0106	1.90E-10
rs4273371	3	108119071	T	C	-0.0115	1.20E-12
rs4278019	6	53693410	A	T	0.0112	5.00E-09
rs427943	21	46570896	A	C	-0.017	7.30E-23
rs4284600	15	31843528	T	C	-0.0118	1.30E-11
rs4303732	2	100830040	T	C	0.0144	2.20E-16
rs4307239	7	24354300	A	G	-0.0115	3.90E-11
rs4366093	8	20639811	T	C	-0.0121	6.70E-11
rs4372296	1	98320492	A	C	-0.0133	7.60E-11
rs4372836	2	28973883	T	C	0.0142	7.30E-16
rs450231	9	101481205	A	G	-0.0127	2.10E-10
rs4516268	17	1846831	A	C	-0.0217	5.20E-25
rs4518345	5	27185904	A	G	-0.0117	1.00E-09
rs453520	2	147907202	T	C	-0.015	7.00E-18
rs4624596	3	119571541	T	C	0.0136	2.20E-09
rs4639527	2	416815	A	G	-0.0172	3.30E-20
rs4653017	1	33776728	T	C	0.0122	4.50E-11
rs4670626	2	37046657	T	C	-0.0113	4.90E-10
rs4671328	2	58935282	T	G	0.0219	2.20E-36
rs4671358	2	60164634	A	T	0.0101	6.70E-09
rs4673553	2	211608379	T	G	-0.0142	2.10E-16
rs4676084	2	110010962	A	G	0.0098	1.80E-08
rs4718966	7	70040558	T	C	0.0127	4.60E-13
rs4722398	7	3125220	T	C	0.0158	3.60E-10
rs4722672	7	27231762	T	C	-0.0151	1.80E-12
rs4725984	7	150668514	T	C	-0.0128	1.40E-13
rs4737183	8	64720693	A	G	0.0112	1.10E-10
rs4740383	9	133783566	A	G	0.0126	1.90E-12
rs4744275	9	96482633	A	G	0.0144	7.00E-15
rs4759073	12	54653258	A	G	-0.0116	2.80E-11
rs4759228	12	56508409	C	G	-0.0157	5.90E-16
rs4764949	12	103658096	A	G	0.0184	1.70E-23
rs4766710	12	114437708	A	G	0.0229	3.70E-11
rs4783241	16	82650384	C	G	-0.0108	4.00E-10
rs4796243	17	35057883	A	G	-0.0124	6.10E-11
rs4814512	20	16564210	A	C	0.0133	2.30E-10
rs4820408	22	40604945	T	G	0.0151	2.10E-19
rs483752	9	27612918	T	C	0.0121	3.70E-08
rs4841659	8	11828200	T	C	0.0149	9.20E-18
rs4858193	3	20441050	T	C	0.0129	1.60E-11
rs4864201	4	130731284	T	C	0.0141	1.50E-16
rs487060	6	160774459	T	C	0.011	1.60E-11
rs4886869	15	77799657	A	G	-0.01	2.90E-08
rs4889782	17	78640510	T	C	-0.015	6.60E-17
rs4906908	15	27040082	T	G	-0.0103	2.50E-09
rs4936175	11	132641959	T	C	-0.0122	1.40E-12
rs4936671	11	121942512	C	G	0.0105	6.20E-09
rs4969387	17	79081724	C	G	-0.0145	4.30E-13
rs4981693	14	29680331	A	G	0.0206	6.90E-24
rs498240	6	31892592	A	G	-0.0267	1.60E-15
rs4985155	16	15129459	A	G	0.012	3.00E-12
rs4986044	17	21261560	T	C	-0.0164	3.30E-23
rs5396	3	170744815	T	C	-0.0154	3.00E-17
rs543874	1	177889480	A	G	-0.0475	1.20E-122
rs555267	18	40992698	T	G	0.0126	6.00E-13
rs559267	20	54157497	A	G	-0.0115	3.00E-11
rs573455	11	117267884	A	G	-0.0093	1.60E-08
rs577525	10	99769388	T	C	-0.0166	9.70E-22
rs580438	3	13345450	T	C	0.0114	6.50E-10
rs587230	11	69299771	A	G	0.0149	4.70E-11
rs6011457	20	61530915	A	T	-0.0116	2.70E-11
rs6019482	20	47495560	T	C	-0.0178	2.80E-14
rs6121381	20	30785593	A	T	-0.0147	9.40E-10
rs6138482	20	25059442	T	C	0.0147	5.80E-13
rs6142096	20	32686658	A	G	0.0137	1.80E-15
rs621042	12	18789007	A	C	-0.0107	6.30E-10
rs6235	5	95728898	C	G	-0.0175	1.50E-19
rs6265	11	27679916	T	C	-0.0412	1.00E-86
rs629443	13	76386075	T	G	0.0116	1.40E-09
rs6442101	3	48130893	T	C	-0.0117	2.50E-11
rs6443750	3	181329682	T	C	-0.0148	3.20E-12
rs6448587	4	28561990	A	C	0.0167	2.30E-13
rs6449531	5	60712212	A	G	-0.0127	2.10E-12
rs6461115	7	2103668	A	G	0.0144	1.20E-13
rs6463489	7	5542513	T	C	0.0157	3.10E-09
rs6474945	9	15670492	T	G	-0.0186	4.70E-30
rs6477694	9	111932342	T	C	-0.0123	3.80E-13
rs6495252	15	78117685	T	C	0.0099	2.80E-08
rs651548	12	99560183	A	G	0.0139	2.00E-14
rs6545714	2	59307725	A	G	-0.0191	9.10E-31
rs6548221	2	295255	A	G	0.0151	1.70E-14
rs6564360	16	76779612	A	G	-0.0135	1.20E-09
rs6569648	6	130349119	T	C	-0.0126	3.70E-11
rs6577584	1	6715390	T	G	-0.0131	3.70E-13
rs6587552	1	151018861	A	G	0.0173	1.60E-17
rs6595205	5	119372533	C	G	0.0114	2.00E-12
rs6606686	12	110903380	C	G	-0.0136	7.60E-15
rs663129	18	57838401	A	G	0.0545	1.60E-178
rs6690764	1	92976590	A	G	-0.0154	6.30E-12
rs6700816	1	174883994	A	T	0.0345	8.90E-12
rs6700838	1	47700027	T	C	-0.017	2.50E-22
rs6710871	2	143960593	A	G	0.0179	1.00E-13
rs6711584	2	104421692	A	G	0.0128	2.20E-13
rs6713781	2	40291940	C	G	-0.0123	3.80E-12
rs6720868	2	230663576	T	C	0.0155	5.10E-17
rs6738445	2	172599615	T	C	-0.0133	1.90E-13
rs6764533	3	196088464	A	G	0.0116	1.40E-10
rs676749	20	3026069	A	T	-0.0104	1.70E-09
rs6767619	3	156893782	C	G	0.0119	8.10E-11
rs6786582	3	135898984	T	C	-0.0159	7.50E-18
rs6804181	3	116937546	A	T	0.0153	5.50E-11
rs6804842	3	25106437	A	G	-0.0156	3.60E-21
rs6818414	4	16600664	T	C	-0.0097	1.60E-08
rs6827083	4	153075491	A	G	-0.0097	4.80E-09
rs6843738	4	103936001	A	G	-0.0107	7.20E-10
rs6877851	5	130356413	C	G	-0.0125	8.80E-10
rs6879326	5	59208302	T	C	-0.0098	1.30E-08
rs6888159	5	63932234	C	G	0.0114	5.80E-10
rs6900723	6	23876240	T	C	-0.0112	1.40E-09
rs6919443	6	104493098	A	G	-0.0096	4.30E-08
rs6921533	6	73742334	T	C	0.0118	5.60E-10
rs6938239	6	34683635	A	G	-0.0271	2.40E-28
rs6963840	7	78144371	T	C	0.0154	3.40E-10
rs6968554	7	17287106	A	G	-0.01	3.50E-09
rs7006629	8	87519542	T	C	0.0109	2.50E-10
rs7024334	9	109072075	T	G	0.0138	3.10E-12
rs7042372	9	6959840	A	G	0.0122	3.80E-11
rs7083450	10	103984060	T	C	0.0159	1.70E-12
rs7084454	10	21821274	A	G	0.0193	4.00E-25
rs7102454	11	65594820	T	C	-0.0158	2.40E-18
rs711347	4	52926216	A	T	-0.0122	4.50E-10
rs7117238	11	78040259	A	G	-0.0131	2.50E-09
rs7120873	11	49459474	T	C	0.0172	3.40E-10
rs7123876	11	72444583	T	C	-0.0119	2.20E-10
rs7124442	11	27677041	T	C	-0.0286	4.60E-61
rs7124681	11	47529947	A	C	0.0263	3.20E-58
rs7131262	11	47836302	A	T	-0.0216	1.00E-32
rs7133378	12	124409502	A	G	0.0125	9.40E-13
rs7138803	12	50247468	A	G	0.03	2.30E-71
rs7144011	14	79940383	T	G	0.0282	5.20E-47
rs7147503	14	101539384	T	C	-0.0119	2.00E-11
rs7164727	15	73093991	T	C	0.0182	3.30E-25
rs7181498	15	95271404	T	C	0.0163	1.00E-19
rs7181610	15	35826859	A	T	0.0145	7.80E-09
rs7187776	16	28857645	A	G	-0.0265	1.40E-58
rs7195386	16	24578458	T	C	0.0133	1.10E-14
rs719802	11	113234679	T	C	0.0101	9.50E-09
rs7200919	16	67316600	A	G	0.0095	9.30E-09
rs7206608	16	82872628	C	G	-0.0132	1.30E-12
rs7209235	17	73759552	A	G	-0.0111	8.00E-09
rs7211567	17	31460899	T	C	-0.0145	4.50E-12
rs7217226	17	2136065	T	G	-0.013	2.60E-14
rs7239114	18	45921214	A	G	0.0124	1.20E-13
rs7243357	18	56883319	T	G	0.0194	9.10E-20
rs7313924	12	89899912	C	G	0.0101	3.50E-08
rs7334078	13	99120484	T	C	0.0121	2.20E-10
rs733594	8	85077686	T	C	0.0138	5.90E-14
rs7377083	4	102708997	A	C	0.02	1.40E-27
rs740157	7	77055885	A	G	0.0116	1.80E-12
rs7444298	5	87730027	A	G	0.0179	7.80E-19
rs7531118	1	72837239	T	C	-0.0256	3.60E-54
rs7531656	1	49828663	A	G	0.0195	7.40E-29
rs7535528	1	2444414	A	G	-0.0152	1.40E-16
rs7550711	1	110082886	T	C	0.0649	3.20E-38
rs7556169	1	8741401	A	G	-0.0103	5.40E-09
rs7557796	2	86766153	T	C	0.016	2.30E-19
rs7560871	2	145616899	A	G	0.0218	9.60E-11
rs7561278	2	48954905	T	C	0.0159	5.70E-14
rs7564679	2	204012790	A	G	-0.0116	1.30E-12
rs756717	16	72996162	A	G	-0.0148	5.40E-18
rs757318	19	18820308	A	C	-0.0185	2.40E-29
rs7598402	2	50735943	C	G	0.0122	2.10E-12
rs7599312	2	213413231	A	G	-0.0186	6.90E-24
rs7600699	2	156018263	C	G	-0.0149	6.40E-10
rs7601895	2	55281901	C	G	0.0149	1.70E-15
rs7607351	2	69562127	T	C	0.0119	8.40E-12
rs7607369	2	219279097	A	G	0.0117	9.30E-13
rs761423	1	17301672	T	C	0.0113	5.50E-11
rs7615297	3	156299313	C	G	0.0149	5.70E-10
rs762147	21	39238610	A	G	-0.0115	3.30E-09
rs7640424	3	107820063	T	C	-0.0136	2.30E-14
rs7674623	4	80794681	T	C	0.0135	5.70E-10
rs7683836	4	180167906	A	G	-0.0114	6.30E-11
rs7694732	4	115124089	A	G	0.0099	8.70E-09
rs769674	4	140881964	A	T	0.0135	2.20E-13
rs7710595	5	106506697	A	C	0.0101	5.00E-09
rs7711753	5	122733317	A	G	-0.0134	3.40E-16
rs7715256	5	153537893	T	G	-0.0166	2.20E-24
rs7716275	5	137631073	T	G	-0.0132	2.20E-10
rs7727781	5	165185571	T	C	0.0097	1.90E-08
rs7730004	5	43191033	T	C	0.0148	9.10E-16
rs7730898	5	170459675	A	G	0.0168	4.50E-20
rs7748777	6	41133806	A	G	0.0105	1.60E-10
rs775731	3	77624784	T	C	-0.0108	6.60E-10
rs7760082	6	21919387	A	G	-0.0122	2.90E-11
rs7779498	7	130408415	T	C	-0.0249	3.10E-08
rs7784465	7	6418275	T	C	-0.0164	1.10E-10
rs7805441	7	78121458	T	C	0.0109	3.40E-10
rs7827182	8	8380471	C	G	0.0177	1.70E-22
rs7844647	8	34503776	T	C	0.0123	2.80E-11
rs785278	1	33307987	A	T	-0.0159	2.80E-12
rs7865157	9	122631560	T	C	0.0177	3.70E-10
rs7869771	9	94180627	A	C	0.014	4.90E-13
rs7871866	9	131027982	C	G	0.0187	2.30E-14
rs7874154	9	27777012	T	C	-0.0127	1.80E-13
rs7893571	10	16750129	T	G	0.0136	1.80E-13
rs7899106	10	87410904	A	G	-0.0331	1.00E-18
rs7903146	10	114758349	T	C	-0.0181	1.30E-23
rs7919	16	70514828	A	C	-0.0158	1.00E-19
rs793520	10	99032375	A	G	0.0105	1.90E-08
rs7941030	11	122522375	T	C	-0.0112	2.00E-11
rs7948120	11	28763321	T	C	-0.0132	7.30E-12
rs7968230	12	133481917	A	G	0.0131	1.60E-12
rs7973955	12	118409640	A	G	-0.0126	3.70E-11
rs7975187	12	60964108	A	G	-0.0128	1.40E-09
rs799449	7	44784697	T	C	0.013	8.70E-14
rs8016771	14	102649451	T	G	-0.019	1.10E-09
rs8016859	14	30484722	C	G	0.0349	7.10E-16
rs8033510	15	61445514	T	C	0.0106	5.10E-09
rs8036040	15	36402716	A	C	0.0109	2.70E-10
rs8047395	16	53798523	A	G	0.0642	0
rs8067737	17	29349688	T	C	0.0166	3.20E-08
rs8070454	17	38160754	T	C	-0.0098	4.20E-09
rs8071182	17	55336155	A	G	0.0133	2.10E-09
rs8075273	17	61728881	A	C	-0.0133	3.70E-13
rs8081039	17	75995829	T	C	0.0233	6.10E-10
rs8089514	18	69224478	A	T	0.0126	1.10E-11
rs8092503	18	52479487	A	G	-0.0165	2.30E-17
rs8094523	18	57878155	A	G	-0.0305	4.70E-22
rs8095404	18	57804346	A	T	-0.0259	1.10E-54
rs8097544	18	1839564	A	G	-0.02	9.30E-16
rs8102137	19	30296853	T	C	-0.0193	1.70E-25
rs8123881	20	15819495	A	G	-0.0196	4.40E-16
rs816364	6	53990465	A	G	-0.01	2.00E-08
rs823074	1	205774839	T	C	0.0112	1.60E-10
rs825680	16	73606563	A	T	0.0104	6.70E-09
rs827092	3	157985182	T	C	0.0129	1.10E-13
rs845084	10	125220036	A	G	0.014	1.30E-12
rs847747	6	40080069	T	G	-0.0113	2.10E-09
rs849135	7	28196413	A	G	0.0109	2.00E-11
rs853679	6	28296863	A	C	0.0134	2.80E-09
rs8567	20	62522315	A	G	-0.009	4.30E-08
rs868554	16	20050466	C	G	-0.019	1.20E-20
rs879620	16	4015729	T	C	0.0231	5.30E-38
rs881301	8	38332318	T	C	-0.0097	2.40E-08
rs886444	17	46051911	A	G	-0.0102	8.40E-10
rs889398	16	69556715	T	C	-0.0196	1.30E-32
rs892261	13	65884191	T	C	-0.0103	2.20E-09
rs895330	19	4060707	C	G	0.0201	5.50E-19
rs900144	11	13294268	T	C	0.0166	8.70E-22
rs901630	6	98539519	T	C	-0.0146	1.90E-18
rs902695	2	113955074	A	G	-0.0103	2.20E-09
rs903959	8	142630782	A	T	0.0106	1.60E-09
rs905938	1	154991389	T	C	-0.0149	1.20E-15
rs9077	1	202116238	A	G	-0.0138	3.50E-13
rs925018	3	62713143	C	G	-0.013	1.40E-13
rs925421	4	60253877	A	G	0.0116	5.80E-09
rs9291467	4	25428296	T	C	0.014	6.70E-16
rs9294260	6	83433228	A	G	0.0147	1.80E-19
rs929641	2	58792377	A	G	0.015	4.80E-20
rs9299	17	46669430	T	C	0.0121	3.60E-11
rs930295	2	50233352	A	C	0.0211	1.00E-19
rs9332817	11	118365210	C	G	-0.0382	1.70E-10
rs934515	2	79482643	A	G	0.0185	7.60E-12
rs9349239	6	42676480	A	G	0.0122	1.30E-12
rs9362662	6	90296588	A	G	0.0112	1.20E-10
rs9367368	6	13189275	T	C	0.0121	1.00E-11
rs9394312	6	35672330	C	G	0.0109	2.30E-10
rs9426003	1	34602870	A	G	-0.0116	1.40E-09
rs9463175	6	9510030	T	C	-0.0108	4.20E-10
rs946526	1	46487168	T	C	-0.0314	1.70E-13
rs9475173	6	55013291	A	G	0.0108	6.60E-09
rs9507983	13	28620036	T	C	-0.0156	1.40E-18
rs9527706	13	58402479	A	G	-0.0115	5.10E-10
rs9530843	13	79563749	A	C	0.0128	4.80E-13
rs9538141	13	59178258	A	G	0.0164	3.50E-21
rs954018	18	42598463	A	G	-0.013	2.10E-13
rs9540493	13	66205704	A	G	0.0139	8.10E-17
rs9544915	13	36230485	T	C	0.014	1.60E-08
rs9571687	13	67472713	A	C	-0.0129	2.80E-12
rs9595908	13	33184288	T	C	0.0159	4.20E-21
rs9603697	13	40783323	T	C	0.0141	2.60E-14
rs9615905	22	48875699	T	C	0.011	2.70E-10
rs9630985	2	181607676	A	C	-0.0177	4.40E-22
rs9675376	18	57969244	A	G	0.035	2.70E-82
rs967605	1	23399932	T	C	-0.0192	1.70E-16
rs9688431	6	73922654	T	C	0.0231	2.40E-11
rs9714342	3	90428286	T	C	-0.0151	6.10E-15
rs972283	7	130466854	A	G	0.0096	5.10E-09
rs972540	2	207244783	A	G	-0.013	8.00E-13
rs977540	16	9724750	A	G	0.014	2.50E-13
rs9787495	10	103206115	A	G	-0.0103	3.10E-09
rs980329	2	60285100	T	C	-0.0133	2.50E-11
rs9806058	14	35673470	A	T	0.0164	4.00E-10
rs9809534	3	125189782	C	G	0.0164	2.30E-10
rs9814633	3	41310470	A	G	0.0122	2.10E-11
rs9816226	3	185834499	A	T	-0.0323	1.60E-52
rs9838283	3	50820486	A	G	0.0161	1.00E-09
rs987237	6	50803050	A	G	-0.0409	9.30E-84
rs9905991	17	80052073	A	G	0.01	8.30E-09
rs9922708	16	53831146	T	C	0.0692	0
rs9927848	16	23833071	A	C	-0.0122	6.40E-10
rs9931967	16	20375351	T	G	0.0163	1.00E-20
rs9951893	18	60739250	T	C	-0.0115	3.30E-11
rs998584	6	43757896	A	C	-0.0131	1.30E-14
rs998732	19	19378671	A	G	0.0171	2.00E-14
