chr	rsid	pos	effect	other	or	p
1	rs34676223	23943735	C	A	1.19	5.04E-13
1	rs41271473	228880296	G	A	1.19	1.06E-10
2	rs3770745	37596089	T	C	1.24	1.68E-08
2	rs13401811	111616104	G	A	1.41	2.08E-18
2	rs17483466	111797458	G	A	1.39	2.36E-10
2	rs9308731	111908262	A	G	1.19	1.00E-11
2	rs3769825	202111380	T	C	1.19	2.5E-09
2	rs13397985	231091223	G	T	1.41	5.4E-10
2	rs757978	242371101	T	C	1.39	2.11E-09
3	rs9880772	27777779	T	C	1.19	2.55E-11
3	rs10936599	169492101	C	T	1.27	1.74E-09
3	rs9815073	188115682	C	A	1.18	3.62E-08
4	rs71597109	102741002	C	T	1.17	1.37E-10
4	rs898518	109016824	A	C	1.20	4.24E-10
4	rs57214277	185254772	T	C	1.13	3.69E-08
5	rs10069690	1279790	T	C	1.20	1.12E-10
6	rs210142	33546837	C	T	1.40	9.47E-16
6	rs3800461	34616322	C	G	1.20	1.97E-08
6	rs9273363	32626272	A	C	1.26	3.66E-11
6	rs73718779	2969278	A	G	1.26	1.97E-08
6	rs872071	411064	G	A	1.54	1.91E-20
6	rs2236256	154478440	C	A	1.23	1.5E-10
7	rs17246404	124462661	C	T	1.22	0.000000034
8	rs2511714	103578874	G	T	1.16	2.9E-09
8	rs2456449	128192981	G	A	1.26	7.84E-10
9	rs1679013	22206987	C	T	1.19	1.27E-08
10	rs4406737	90759724	G	A	1.27	1.22E-14
11	rs7944004	2311152	T	G	1.20	2.15E-10
11	rs61904987	113517203	T	C	1.24	2.46E-11
11	rs735665	123361397	A	G	1.45	3.78E-12
12	rs10735079	113380008	G	A	1.18	2.34E-08
15	rs8024033	40403657	C	G	1.22	2.71E-10
15	rs11636802	56775597	G	A	1.41	6.47E-13
15	rs7176508	70018990	A	G	1.37	4.54E-12
16	rs391525	85944439	A	G	1.82	6.94E-11
18	rs1036935	47843534	A	G	1.15	3.27E-08
18	rs4368253	57622287	C	T	1.19	2.51E-08
18	rs4987855	60793549	G	A	1.47	2.66E-12
18	rs4987852	60793921	G	A	1.41	7.76E-11
19	rs7254272	4069119	A	G	1.17	4.67E-08
19	rs11083846	47207654	A	G	1.35	3.96E-09
22	rs140522	50971266	T	C	1.15	2.70E-09
