rsid	chr	pos	effect	other	beta
rs4360494	1	38455891	G	C	0.0379
rs12144319	1	55246035	C	T	0.0661
rs72647484	1	22587728	T	C	0.0504
rs7542665	1	62673037	C	T	0.033423755
rs6678517	1	183002639	A	G	0.073
rs17011141	1	222112634	G	A	0.0877
rs201395236	1	245181421	T	C	0.243038049
rs448513	2	159964552	C	T	0.0054
rs11884596	2	199612407	C	T	0.0342
rs983402	2	199781586	T	C	0.0622
rs7606562	2	48686695	T	A	0.041392685
rs11692435	2	98275354	G	A	0.049218023
rs3731861	2	219191256	T	C	0.0613
rs10049390	3	133701119	A	G	0.0455
rs13086367	3	112903888	A	G	0.0463
rs72942485	3	112999560	G	A	0.0545
rs9831861	3	53088285	G	T	0.029383778
rs35470271	3	40915239	G	A	0.0994
rs12635946	3	112916918	C	T	0.033423755
rs113569514	3	133748789	T	C	0.041392685
rs9876206	3	169517436	C	T	0.0453
rs6781752	3	66365163	A	G	0.0597
rs11727676	4	145659064	C	T	0.0093
rs1391441	4	106128760	A	G	0.0148
rs13149359	4	94938618	A	C	0.052
rs7708610	5	40102443	A	G	0.0384
rs78368589	5	1240204	T	C	0.0786
rs145364999	5	98206082	T	A	0.3496
rs2735940	5	1296486	G	A	0.0865
rs12514517	5	40280076	A	G	0.1013
rs755229494	5	112097351	G	A	0.6286
rs12659017	5	125988175	G	A	0.037426498
rs4976270	5	134467220	C	T	0.0693
rs13204733	6	55566108	G	A	0.0643
rs116685461	6	31315512	G	A	0.0655
rs9271695	6	32593080	G	A	0.0889
rs2516420	6	31449620	C	T	0.1091
rs116353863	6	31010185	C	T	0.1202
rs16878812	6	35569562	A	G	0.0778
rs9470361	6	36623379	A	G	0.054
rs62404966	6	55712124	C	T	0.0724
rs3131043	6	30758466	G	A	0.029383778
rs2070699	6	12292772	T	G	0.029383778
rs1476570	6	29809860	A	G	0.049218023
rs3830041	6	32191339	T	C	0.064457989
rs6928864	6	105966894	C	A	0.053078443
rs62396735	6	41702582	C	T	0.033
rs12672022	7	45136423	T	C	0.0067
rs80077929	7	46094089	T	C	0.0093
rs10951878	7	46926695	C	T	0.053078443
rs3801081	7	47511161	G	A	0.025305865
rs7013278	8	128414892	T	C	0.0091
rs4313119	8	128571855	G	T	0.0518
rs16892766	8	117630683	C	A	0.2099
rs6469654	8	117632965	G	C	0.0677
rs117079142	8	117790914	A	C	0.1139
rs6983267	8	128413305	G	T	0.1052
rs34405347	9	101679752	T	G	0.0089
rs1537372	9	22103183	G	T	0.012
rs10980628	9	113671403	C	T	0.0511
rs12217641	10	8663875	C	T	0.0069
rs10786560	10	101315166	G	A	0.0082
rs1250567	10	81046265	C	T	0.047
rs11255841	10	8739580	T	A	0.1064
rs10821907	10	52648454	C	T	0.073
rs704017	10	80819132	G	A	0.0765
rs11190164	10	101351704	G	A	0.0889
rs12246635	10	114288619	C	T	0.0975
rs11196170	10	114722621	A	G	0.0527
rs7946853	11	74409077	C	T	0.0119
rs55864876	11	100717136	G	A	0.015
rs2186607	11	101656397	T	A	0.0483
rs61389091	11	74427921	C	T	0.1934
rs4450168	11	10286755	C	A	0.041392685
rs174533	11	61549025	G	A	0.0636
rs7121958	11	74280012	G	T	0.078
rs3087967	11	111156836	T	C	0.1122
rs4759277	12	57533690	A	C	0.0285
rs1427760	12	115100714	C	T	0.0424
rs3217874	12	4400808	T	C	0.0453
rs10849433	12	6406904	C	T	0.0468
rs11610543	12	43134191	G	A	0.0474
rs35808169	12	4368607	C	T	0.089
rs3217810	12	4388271	T	C	0.1181
rs2250430	12	6421174	T	A	0.0597
rs77969132	12	31594813	T	C	0.158362492
rs12372718	12	51171090	G	A	0.0896
rs597808	12	111973358	G	A	0.0737
rs7300312	12	115890922	C	T	0.066
rs2710310	12	12035649	C	T	0.0145
rs78341008	13	73791554	C	T	0.0109
rs8000189	13	111075881	T	C	0.0473
rs45597035	13	73649152	A	G	0.0495
rs1924816	13	73997961	A	G	0.0506
rs7333607	13	37462010	G	A	0.0758
rs1330889	13	78609615	C	T	0.045322979
rs377429877	13	34092164	C	T	0.0468
rs1951864	14	54369299	A	G	0.0059
rs17094983	14	59189361	G	A	0.0062
rs8020436	14	59208437	A	G	0.0294
rs35107139	14	54419106	C	A	0.0912
rs4901473	14	54445157	G	A	0.0465
rs745213	15	68060389	G	T	0.0072
rs12594720	15	67007018	C	G	0.0246
rs56324967	15	67402824	C	T	0.0689
rs17816465	15	33156386	A	G	0.069
rs12708491	15	32992836	G	A	0.0464
rs2293581	15	33010736	A	G	0.1248
rs7495132	15	91172901	T	C	0.045322979
rs9930005	16	80043258	C	A	0.0061
rs12447408	16	86252544	A	G	0.0079
rs9924886	16	68743939	A	C	0.055
rs12149163	16	86339315	T	C	0.0487
rs62042090	16	86703949	T	C	0.0481
rs983318	17	70413253	A	G	0.0397
rs73975586	17	814243	A	T	0.0497
rs1078643	17	10707241	A	G	0.0747
rs75954926	17	81061048	G	A	0.0882
rs373585858	17	80394556	A	G	0.1103
rs4968127	17	809643	G	A	0.0514
rs11874392	18	46453156	A	T	0.1606
rs73068325	19	59079096	T	C	0.0066
rs34797592	19	16417198	T	C	0.0824
rs28840750	19	33519927	T	G	0.1939
rs1963413	19	41871573	A	G	0.0441
rs12979278	19	49218602	T	C	0.029383778
rs2738783	20	62308612	T	G	0.006
rs6067417	20	48983697	C	T	0.0331
rs6031311	20	42666475	T	C	0.0362
rs6091189	20	49256285	T	C	0.0549
rs994308	20	6603622	C	T	0.0626
rs28488	20	6762221	T	C	0.0714
rs556532366	20	8568071	T	C	0.0715
rs189583	20	6376457	G	C	0.0795
rs4813802	20	6699595	G	T	0.0819
rs11087784	20	7740976	G	A	0.0874
rs6066825	20	47340117	A	G	0.0719
rs6063514	20	49055318	C	T	0.0547
rs13831	20	57475191	G	A	0.033423755
rs1741640	20	60932414	C	T	0.1146
rs6058093	20	33213196	C	A	0.045
