rsid	chr	pos	effect	other	or	ci	p
rs544780844	1	46251655	T	C	1.06	(1.04 - 1.08)	2.75E-08
rs56391074	1	88210715	AT	A	1.05	(1.03 - 1.06)	9.35E-09
rs1811698	1	150772613	C	T	1.09	(1.06 - 1.11)	9.33E-11
rs607518	1	150954671	A	G	1.07	(1.05 - 1.09)	5.51E-12
rs10127983	1	153923276	T	C	1.07	(1.05 - 1.09)	1.38E-16
rs56103503	1	154980351	T	C	1.06	(1.04 - 1.07)	2.87E-12
rs147847496	1	155118588	C	T	1.17	(1.12 - 1.22)	3.15E-11
rs184104770	1	155690186	A	C	1.17	(1.11 - 1.24)	3.72E-08
rs138638958	1	204030362	TTTTG	T	1.05	(1.03 - 1.06)	3.99E-09
rs4245739	1	204518842	A	C	1.10	(1.08 - 1.11)	2.43E-25
rs708723	1	205739266	C	T	1.04	(1.03 - 1.06)	1.03E-08
rs11686272	2	8598444	T	G	1.05	(1.03 - 1.06)	2.23E-08
rs73913932	2	10094526	G	A	1.09	(1.06 - 1.12)	1.53E-08
rs1990613	2	10781975	T	C	1.07	(1.05 - 1.09)	2.18E-18
rs7602028	2	16016503	C	A	1.05	(1.03 - 1.07)	2.15E-08
rs9306894	2	20878105	G	A	1.08	(1.06 - 1.09)	1.21E-21
rs7591218	2	43637998	A	G	1.07	(1.05 - 1.09)	2.52E-14
rs58235267	2	63277843	G	C	1.12	(1.10 - 1.14)	2.55E-48
rs139283528	2	63938756	G	A	1.28	(1.20 - 1.36)	1.68E-13
rs74702681	2	66652885	T	C	1.17	(1.12 - 1.23)	9.89E-11
rs2028900	2	85767735	C	T	1.09	(1.07 - 1.10)	3.88E-28
rs11691517	2	111893096	T	G	1.06	(1.04 - 1.08)	3.24E-11
rs77167534	2	173319930	C	T	1.27	(1.23 - 1.31)	7.82E-46
rs34925593	2	174234547	C	T	1.05	(1.03 - 1.07)	8.94E-10
rs1861270	2	202126615	G	A	1.05	(1.03 - 1.07)	2.81E-09
rs12621900	2	208118301	C	T	1.05	(1.03 - 1.07)	3.45E-08
rs2292884	2	238443226	G	A	1.06	(1.04 - 1.08)	7.10E-12
rs77559646	2	242135265	A	G	1.33	(1.26 - 1.40)	2.76E-27
rs77482050	2	242139600	G	A	1.43	(1.32 - 1.55)	7.06E-18
rs2074840	2	242141719	C	T	1.05	(1.04 - 1.07)	4.52E-10
rs76832527	2	242157241	A	G	1.12	(1.09 - 1.14)	6.04E-27
rs7618603	3	23153062	A	C	1.06	(1.04 - 1.08)	3.08E-08
rs34680713	3	49621718	A	AT	1.06	(1.04 - 1.08)	1.73E-09
rs13091518	3	70796696	T	C	1.04	(1.03 - 1.06)	4.34E-08
rs143745027	3	87144017	G	A	1.17	(1.13 - 1.20)	6.04E-24
rs7628934	3	87175984	C	T	1.10	(1.08 - 1.11)	2.88E-32
rs114810266	3	87399362	A	G	1.17	(1.11 - 1.23)	2.91E-09
rs1283104	3	106962521	G	C	1.05	(1.03 - 1.07)	4.80E-10
rs2271494	3	113300183	A	T	1.09	(1.07 - 1.10	2.51E-29
rs2811476	3	127898501	C	A	1.11	(1.09 - 1.12)	4.43E-32
rs35006112	3	128213994	G	A	1.07	(1.05 - 1.09)	3.53E-10
rs7650602	3	141147414	C	T	1.05	(1.03 - 1.06)	3.62E-10
rs145053401	3	152011745	C	CAT	1.09	(1.06 - 1.11)	4.29E-11
rs2293607	3	169482335	T	C	1.06	(1.04 - 1.08)	1.86E-10
rs78416326	3	170074517	G	C	1.21	(1.19 - 1.23)	7.65E-82
rs577952184	3	170083540	C	CTTTTT	1.10	(1.08 - 1.13)	4.02E-16
rs17804499	4	74442349	G	C	1.23	(1.18 - 1.27)	8.48E-28
rs13142786	4	74477135	T	A	1.08	(1.06 - 1.10)	1.17E-23
rs6853490	4	95544718	G	A	1.08	(1.07 - 1.10)	1.36E-25
rs7679673	4	106061534	C	A	1.11	(1.09 - 1.12)	7.73E-30
rs2242652	5	1280028	G	A	1.14	(1.12 - 1.17)	3.08E-36
rs71595003	5	1292118	A	G	1.19	(1.14 - 1.24)	2.68E-14
rs2736098	5	1294086	T	C	1.08	(1.06 - 1.09)	4.10E-15
rs4975758	5	1891174	G	C	1.08	(1.06 - 1.10)	7.88E-23
rs71599622	5	14372362	T	TGA	1.06	(1.04 - 1.08)	5.52E-10
rs10793821	5	133836209	T	C	1.06	(1.04 - 1.07)	2.26E-14
rs76551843	5	169172133	A	G	1.31	(1.19 - 1.44)	1.75E-08
rs9686557	5	172959030	C	A	1.05	(1.03 - 1.06)	4.69E-09
rs2672843	5	177891551	G	A	1.05	(1.03 - 1.06)	3.06E-09
rs2018336	6	11217897	T	C	1.07	(1.05 - 1.08)	1.51E-12
rs9469899	6	34793124	A	G	1.05	(1.03 - 1.06)	1.64E-09
rs4714485	6	41536587	G	T	1.09	(1.07 - 1.10)	6.86E-24
rs9472120	6	43709785	C	T	1.04	(1.03 - 1.06)	2.47E-08
rs9443189	6	76495882	A	G	1.07	(1.04 - 1.09)	7.11E-09
rs2038542	6	109295293	C	T	1.08	(1.06 - 1.10)	5.49E-13
rs339351	6	117200434	C	A	1.09	(1.08 - 1.11)	2.48E-27
rs150184171	6	134292717	G	GTGTTGT	1.05	(1.03 - 1.07)	4.61E-09
rs13215045	6	153447516	C	T	1.08	(1.06 - 1.09)	1.48E-19
rs963800	6	160150279	C	T	1.06	(1.04 - 1.08)	1.91E-10
rs4646284	6	160581543	TG	T	1.22	(1.20 - 1.24)	2.03E-119
rs11452686	7	20414110	T	TA	1.05	(1.03 - 1.06)	1.71E-09
rs9655205	7	20999211	C	A	1.10	(1.08 - 1.12)	1.99E-24
rs6956484	7	27564862	A	C	1.06	(1.04 - 1.07)	2.07E-10
rs10486567	7	27976563	G	A	1.12	(1.10- 1.14)	6.88E-31
rs12701838	7	40877473	A	G	1.07	(1.05 - 1.09)	1.99E-14
rs834608	7	47451918	A	T	1.05	(1.04 - 1.07)	1.10E-11
rs4727386	7	97688440	A	G	1.11	(1.09 - 1.12)	6.50E-40
rs6557704	8	23470785	A	G	1.07	(1.05 - 1.09)	5.12E-16
rs1160267	8	23529521	G	A	1.15	(1.14 - 1.17)	1.03E-75
rs141811748	8	25894201	C	CCAAA	1.08	(1.06 - 1.10)	6.84E-13
rs57588856	8	127836925	C	CAA	1.06	(1.04 - 1.07)	2.98E-11
rs6984837	8	127901649	G	A	1.08	(1.06 - 1.10)	8.14E-17
rs7463326	8	128027954	G	A	1.17	(1.14 - 1.19)	5.62E-50
rs77541621	8	128077146	A	G	1.89	(1.80 - 1.99)	1.08E-144
rs72725879	8	128103969	T	C	1.23	(1.19 - 1.26)	2.85E-44
rs183373024	8	128104117	G	A	2.27	(2.09 - 2.47)	1.39E-80
rs78809737	8	128104218	G	A	1.08	(1.05 - 1.11)	1.02E-08
rs17464492	8	128342866	A	G	1.12	(1.10 - 1.14)	1.98E-41
rs6983267	8	128413305	G	T	1.18	(1.16 - 1.19)	3.06E-95
rs10090154	8	128532137	T	C	1.34	(1.23 - 1.45)	1.78E-11
rs12549761	8	128540776	C	G	1.20	(1.17 - 1.23)	6.16E-46
rs34540271	9	18554773	C	T	1.05	(1.03 - 1.07)	2.08E-09
rs10122990	9	19072246	C	A	1.06	(1.04 - 1.08)	3.67E-13
rs17694493	9	22041998	G	C	1.08	(1.06 - 1.10)	3.37E-13
rs10122495	9	34049779	T	A	1.06	(1.04 - 1.07)	1.17E-10
rs142727307	9	82090723	T	TG	1.07	(1.05 - 1.10)	8.39E-09
rs817872	9	110144887	C	T	1.07	(1.05 - 1.08)	2.48E-14
rs143655302	9	110290217	G	A	1.30	(1.23 - 1.38)	4.03E-19
rs12634	9	132573536	T	G	1.06	(1.04 - 1.07)	5.79E-10
rs12781100	10	838636	T	C	1.08	(1.05 - 1.10)	1.49E-12
rs7075427	10	46104943	A	C	1.13	(1.09 - 1.16)	1.12E-16
rs11599847	10	47599029	T	C	1.12	(1.08 - 1.17)	1.40E-08
rs10993994	10	51549496	T	C	1.23	(1.21 - 1.25)	9.11E-165
rs1935581	10	90195149	C	T	1.05	(1.03 - 1.06)	6.36E-09
rs12262998	10	104428716	C	T	1.07	(1.05 - 1.09)	9.65E-18
rs10885396	10	114711755	T	C	1.05	(1.03 - 1.06)	4.75E-09
rs4558107	10	122794926	A	G	1.06	(1.04 - 1.08)	2.90E-14
rs10788167	10	123054018	T	A	1.06	(1.04 - 1.08)	9.31E-12
rs10749415	10	123185303	A	G	1.10	(1.07 - 1.14)	1.51E-08
rs12769682	10	126697494	C	G	1.06	(1.04 - 1.07)	5.00E-11
rs1881502	11	1507512	T	C	1.06	(1.04 - 1.08)	4.06E-09
rs11043143	11	2234093	T	C	1.18	(1.16 - 1.20)	1.20E-68
rs61890184	11	7547587	A	G	1.08	(1.05 - 1.10)	2.73E-10
rs2277283	11	61908440	C	T	1.06	(1.04 - 1.07)	1.61E-10
rs12785905	11	66951965	C	G	1.12	(1.08 - 1.16)	5.10E-10
rs11825796	11	68980788	A	G	1.10	(1.08 - 1.12)	3.42E-24
rs11228580	11	69002342	C	T	1.27	(1.24 - 1.29)	4.61E-102
rs3918298	11	69463273	A	G	1.18	(1.12 - 1.23)	8.32E-12
rs56159348	11	76267331	T	G	1.06	(1.04 - 1.08)	1.60E-12
rs11568818	11	102401661	T	C	1.07	(1.06 - 1.09)	1.07E-20
rs74911261	11	108357137	A	G	1.15	(1.10 - 1.21)	1.05E-08
rs5794883	11	113700546	C	CA	1.07	(1.05 - 1.09)	1.67E-16
rs138466039	11	125054793	T	C	1.32	(1.22 - 1.44)	1.91E-11
rs878987	11	134266372	G	A	1.07	(1.05 - 1.10)	1.40E-10
rs2066827	12	12871099	T	G	1.06	(1.04 - 1.08)	4.30E-10
rs10845938	12	14416918	G	A	1.06	(1.05 - 1.08)	2.60E-15
rs80130819	12	48419618	A	C	1.10	(1.07 - 1.12)	1.05E-11
rs56222401	12	49672714	G	A	1.08	(1.06 - 1.09)	3.23E-18
rs113925811	12	53308932	A	C	1.18	(1.16 - 1.21)	1.07E-50
rs7968403	12	65012824	T	C	1.06	(1.05 - 1.08)	7.22E-14
rs4842687	12	90156377	A	G	1.06	(1.04 - 1.08)	5.93E-12
rs1270884	12	114685571	A	G	1.07	(1.06 - 1.09)	2.10E-20
rs7295014	12	133067989	G	A	1.05	(1.03 - 1.07)	1.21E-09
rs7489409	13	73716861	C	T	1.07	(1.05 - 1.09)	1.39E-11
rs7336001	13	73995877	G	C	1.11	(1.08 - 1.14)	7.57E-12
rs1004030	14	23305649	T	C	1.05	(1.03 - 1.06)	8.17E-10
rs6571758	14	37136194	G	A	1.06	(1.04 - 1.07)	1.37E-12
rs4901313	14	53387109	G	T	1.09	(1.07 - 1.11)	7.62E-18
rs767127	14	69134264	G	A	1.05	(1.04 - 1.07)	2.87E-12
rs11561564	15	40965044	G	A	1.07	(1.04 - 1.09)	9.10E-10
rs33984059	15	56385868	A	G	1.19	(1.13 - 1.26)	1.62E-09
rs74634457	15	66835704	G	A	1.05	(1.03 - 1.07)	3.98E-09
rs7188897	16	54469331	T	C	1.05	(1.03 - 1.06)	1.23E-08
rs11863709	16	57654576	C	T	1.15	(1.11 - 1.20)	1.43E-11
rs8052913	16	82166181	C	T	1.04	(1.03 - 1.06)	3.24E-08
rs684232	17	618965	C	T	1.09	(1.07 - 1.10)	1.77E-26
rs78378222	17	7571752	G	T	1.26	(1.18 - 1.35)	3.37E-11
rs28441558	17	7803118	C	T	1.17	(1.13 - 1.21)	3.57E-19
rs4795646	17	30092898	G	A	1.06	(1.04 - 1.08)	8.80E-11
rs3110641	17	36047417	A	G	1.06	(1.04 - 1.08)	1.30E-09
rs11649743	17	36074979	G	A	1.10	(1.08 - 1.12)	8.16E-23
rs11263763	17	36103565	A	G	1.22	(1.20- 1.24)	2.55E-144
rs138213197	17	46805705	T	C	3.98	(3.38 - 4.68)	1.07E-62
rs565189650	17	47398245	T	C	1.10	(1.07 - 1.13)	7.51E-11
rs12938538	17	56426027	T	C	1.04	(1.03 - 1.06)	2.93E-08
rs148511027	17	69117532	G	GTTAT	1.17	(1.15 - 1.19)	6.74E-99
rs8089411	18	51771322	C	T	1.04	(1.03 - 1.06)	1.98E-08
rs533722308	18	60961193	CT	C	1.05	(1.03 - 1.07)	1.14E-08
rs11876000	18	73035513	T	G	1.04	(1.03 - 1.06)	1.83E-08
rs9959454	18	76770820	A	G	1.09	(1.07 - 1.10)	7.09E-22
rs10412482	19	17228554	C	T	1.05	(1.03 - 1.07)	6.72E-09
rs4802297	19	38738130	G	C	1.10	(1.08 - 1.12)	1.00E-35
rs11673591	19	41985931	T	A	1.09	(1.07 - 1.11)	1.32E-23
rs2659051	19	51345568	G	C	1.09	(1.07 - 1.11)	4.01E-16
rs61752561	19	51361382	G	A	1.16	(1.11 - 1.20)	3.63E-13
rs76765083	19	51362715	T	G	1.31	(1.27 - 1.35)	1.24E-60
rs73909841	20	49548807	T	C	1.11	(1.08 - 1.14)	3.28E-12
rs6126986	20	52464719	C	T	1.07	(1.05 - 1.08)	1.24E-15
rs381331	20	62229989	A	G	1.05	(1.04 - 1.07)	5.75E-10
rs3787099	20	62307517	A	G	1.11	(1.08 - 1.14)	3.20E-12
rs1058319	20	62374389	C	T	1.12	(1.09 - 1.14)	5.41E-20
rs61735792	21	42866332	A	G	1.26	(1.19 - 1.34)	2.75E-14
rs9978557	21	42882462	C	T	1.10	(1.07 - 1.13)	4.08E-12
rs1978060	22	19749525	G	A	1.06	(1.04 - 1.07)	1.05E-11
rs9625483	22	28888939	A	G	1.15	(1.10 - 1.20)	3.66E-09
rs555607708	22	29091856	A	AG	1.48	(1.29 - 1.69)	1.39E-08
rs34584683	22	40499107	T	A	1.07	(1.05 - 1.09)	3.13E-14
rs6003062	22	43499741	G	A	1.17	(1.13 - 1.21)	3.78E-21
rs5759167	22	43500212	G	T	1.13	(1.12 - 1.15)	5.79E-56
rs960417	X	9811095	A	G	1.05	(1.03 - 1.06)	2.01E-14
rs17321482	X	11482634	C	T	1.06	(1.04 - 1.08)	1.94E-12
rs11338635	X	51245276	GA	G	1.11	(1.09 - 1.12)	5.99E-79
rs5943724	X	52695895	G	A	1.06	(1.04 - 1.07)	8.50E-21
rs5919393	X	66825357	T	C	1.06	(1.04 - 1.08)	7.64E-15
rs371707439	X	70139908	A	G	1.06	(1.04 - 1.07)	3.46E-15
